property_type,state,lat,lon,area_m2,price_mxn
house,Yucatán,24.499593,-100.637135,324.0,809517.06
apartment,Morelos,17.962457,-99.68663,204.9,1608571.65
apartment,Nuevo León,,-103.494975,219.8,5088727.35
apartment,Querétaro,25.634799,-92.889801,322.3,4740549.12
apartment,Nuevo León,,,183.8,2493470.53
house,Veracruz de Ignacio de la Llave,20.784911,-94.046353,205.1,2634777.39
house,Distrito Federal,,,181.7,3481193.94
apartment,Distrito Federal,21.413744,-88.183357,178.6,601301.43
apartment,Yucatán,,-97.019245,234.1,1902719.41
house,Estado de México,16.570269,-96.813926,333.1,1724451.77
apartment,Guerrero,17.054834,,176.6,1952607.91
house,Nuevo León,21.855877,-92.584699,233.5,4951891.55
house,Yucatán,,-89.574812,284.8,2110238.83
house,Guerrero,18.337408,-101.106899,144.3,1634215.14
apartment,Yucatán,,-97.573982,147.1,3323022.69
house,Guerrero,,,376.7,5274483.2
house,Veracruz de Ignacio de la Llave,16.41579,-88.457591,303.2,1903288.4
house,Chiapas,20.981299,-101.1364,252.0,1024095.71
house,Tabasco,22.893104,-94.988587,276.7,2524585.57
house,Tabasco,18.523119,-102.150137,60.3,4637319.85
house,Estado de México,19.077709,,266.3,3573728.94
apartment,Guerrero,22.136379,-87.77759,228.3,5010684.2
house,Chiapas,24.979353,-89.58985,241.0,5781797.6
house,Guerrero,24.099244,,175.8,4880377.37
house,Estado de México,21.831302,-105.024674,78.5,3860536.63
apartment,Nuevo León,23.302217,-89.125424,117.7,3264044.58
apartment,Yucatán,,-97.239118,382.8,816373.07
house,Chiapas,22.409655,-99.152098,193.0,5915338.69
house,Querétaro,,-95.070473,213.3,2670798.06
house,Estado de México,17.899361,,68.4,1422032.36
house,Tabasco,23.017383,-90.867069,63.1,4200227.82
apartment,Nuevo León,21.564646,-94.351298,301.0,2135156.76
house,Estado de México,19.586216,,238.3,3763202.66
apartment,Distrito Federal,25.113392,-102.235356,228.0,3768546.7
apartment,Nuevo León,16.209341,-102.315027,135.1,3006941.03
house,Veracruz de Ignacio de la Llave,19.157732,-104.859952,310.7,5115040.52
apartment,Veracruz de Ignacio de la Llave,16.568814,,108.9,2030822.13
house,Tabasco,23.665273,-89.193036,116.5,3022615.99
house,Chiapas,23.021075,-105.650036,211.2,3503537.49
apartment,Yucatán,19.313522,-105.019907,150.2,4183573.49
apartment,Veracruz de Ignacio de la Llave,22.756629,-94.544594,136.6,4833447.99
apartment,Distrito Federal,19.959372,-89.610086,275.8,2731959.33
house,Guerrero,23.562538,,277.8,4088653.5
house,Chiapas,20.541837,-99.007712,338.6,1413299.15
apartment,Guerrero,,-94.07307,196.2,5636299.74
apartment,Estado de México,25.347299,,75.6,2668517.55
house,Nuevo León,18.508791,-105.467833,145.8,4539415.68
apartment,Distrito Federal,17.204473,-91.29543,393.0,709841.84
apartment,Nuevo León,21.845431,-93.487002,258.7,1708010.57
apartment,Morelos,25.693218,,298.4,3230245.74
apartment,Tabasco,19.778392,-91.166317,52.6,5342563.33
apartment,Yucatán,16.620368,-92.495383,231.4,3447177.81
house,Yucatán,19.393053,-101.88236,63.1,5621300.6
apartment,Yucatán,21.059317,-98.950379,249.2,3212503.24
apartment,Morelos,17.61923,-103.477797,372.3,3248425.12
house,Yucatán,22.581022,-103.40286,388.9,1246632.66
apartment,Veracruz de Ignacio de la Llave,25.977494,-92.476085,239.2,4934343.72
house,Chiapas,20.517395,-88.827998,210.4,1933613.23
house,Querétaro,19.547286,-86.745348,380.8,5457907.44
apartment,Guerrero,20.007042,-93.433058,285.8,5518450.79
house,Guerrero,17.151462,-102.317974,72.7,5693874.6
apartment,Yucatán,24.832736,-103.886993,213.0,3409244.64
house,Tabasco,20.148257,-89.742981,134.1,4256306.44
apartment,Querétaro,19.872744,-94.42487,214.4,4803985.75
apartment,Morelos,22.596903,-93.6343,209.4,1307478.94
house,Chiapas,20.420334,-90.370758,253.8,3845168.85
apartment,Morelos,22.482335,,174.9,785208.67
house,Querétaro,16.614463,-89.310835,107.5,3286856.85
apartment,Chiapas,24.137233,,226.3,1436150.48
house,Estado de México,,-91.049587,340.6,1587783.8
apartment,Nuevo León,22.487654,-88.982945,282.4,2571256.86
house,Distrito Federal,25.545659,,168.4,2935160.7
apartment,Chiapas,,-93.191055,377.4,3965131.09
apartment,Nuevo León,,-99.716759,369.3,1001913.46
house,Tabasco,,-86.840579,123.3,3319935.51
house,Yucatán,21.817366,-105.331529,63.8,1586175.7
house,Guerrero,20.014618,-94.404143,309.5,3699465.95
apartment,Morelos,19.380844,-102.669929,339.7,4041984.91
apartment,Tabasco,17.26824,-91.755596,388.8,3606229.99
house,Yucatán,19.917425,-102.482194,361.4,4586795.76
house,Querétaro,17.626608,,260.2,2412289.92
house,Nuevo León,,-96.112584,235.5,4731575.59
house,Veracruz de Ignacio de la Llave,18.088309,-87.703301,59.7,2936942.24
apartment,Estado de México,,,136.3,3214596.29
house,Estado de México,21.523661,-103.1152,210.9,4099751.49
apartment,Chiapas,21.952297,-90.820463,270.0,699135.27
apartment,Nuevo León,24.719131,-95.987609,245.0,4131568.8
house,Tabasco,21.769816,-87.764298,309.9,3940359.8
house,Veracruz de Ignacio de la Llave,19.454809,-103.067709,147.9,2273174.43
house,Yucatán,24.030119,-93.081442,247.7,1063289.14
house,Chiapas,,,80.8,1091051.43
apartment,Morelos,16.792803,-102.864791,194.8,5585408.23
house,Estado de México,21.658506,-92.331412,312.6,4322108.33
house,Distrito Federal,25.080185,-94.126308,292.7,1286354.11
apartment,Estado de México,19.963126,-90.903451,396.7,2526305.11
house,Distrito Federal,18.963258,,147.3,3799408.17
apartment,Morelos,17.434695,-97.040567,224.4,5112087.21
apartment,Veracruz de Ignacio de la Llave,17.514455,-97.890566,165.3,835769.02
apartment,Chiapas,20.327715,-86.318211,204.2,1877818.91
apartment,Distrito Federal,21.956798,-100.155021,349.9,5404644.55
apartment,Veracruz de Ignacio de la Llave,16.806154,-100.103655,289.5,649493.97
apartment,Morelos,25.395686,-98.909036,358.9,1687555.16
apartment,Tabasco,23.551336,,121.2,5778730.55
apartment,Morelos,21.866239,-100.953545,355.7,3912369.97
apartment,Guerrero,24.284387,,70.9,2013025.38
apartment,Yucatán,16.801868,-100.686289,361.0,961751.91
house,Querétaro,20.768389,-88.083685,165.2,752233.24
apartment,Yucatán,22.300931,,160.1,1921623.43
apartment,Morelos,,-92.868746,229.2,5360023.43
house,Tabasco,,-87.86029,379.2,2845933.73
apartment,Chiapas,18.770692,-102.625011,66.7,4489800.19
apartment,Yucatán,25.408802,-86.633461,173.3,5558739.19
apartment,Chiapas,17.243458,-96.942333,349.8,2803418.49
house,Yucatán,24.751336,-87.085698,188.6,1632897.8
house,Querétaro,25.709402,-92.463599,119.7,3392436.83
house,Estado de México,17.771535,-99.968263,198.7,5503651.91
house,Nuevo León,23.220661,-102.23395,184.9,4943621.84
apartment,Morelos,,-99.925299,370.4,955481.15
apartment,Tabasco,20.054228,-104.139652,316.7,4339893.12
apartment,Morelos,21.162833,,226.8,3688246.62
house,Querétaro,21.806452,-103.906791,395.9,5500301.15
house,Veracruz de Ignacio de la Llave,25.359372,-97.541129,212.8,1261399.65
apartment,Yucatán,22.722507,,70.4,3483795.01
house,Guerrero,,-103.172329,141.8,5349098.54
apartment,Estado de México,24.09675,,202.6,2814128.45
house,Nuevo León,25.505328,-93.131421,104.9,3202772.56
apartment,Yucatán,16.220661,-102.05634,381.6,980487.66
apartment,Morelos,,-104.047799,318.4,2101975.66
apartment,Tabasco,16.861321,-102.663028,143.9,2352335.91
apartment,Querétaro,24.143868,-87.525372,256.8,5703661.22
apartment,Chiapas,18.803348,-89.570575,302.5,2126403.75
apartment,Veracruz de Ignacio de la Llave,17.321797,-98.918709,379.4,3088691.17
house,Nuevo León,20.398556,-92.883585,358.6,4225043.89
apartment,Distrito Federal,22.439566,-95.254487,230.3,1475790.21
house,Nuevo León,19.809518,-92.457515,321.1,3226788.89
house,Tabasco,16.545654,-92.346577,246.8,4588110.81
apartment,Guerrero,,-93.42532,243.4,5281018.15
house,Querétaro,25.024033,,90.2,3981800.08
house,Nuevo León,19.832154,-105.219872,94.1,4212888.98
house,Distrito Federal,18.163328,,235.3,1281930.75
house,Distrito Federal,20.425773,-88.180522,144.1,5707193.09
house,Yucatán,,-94.610055,57.4,1315900.02
house,Querétaro,24.204876,-89.352179,303.0,4783233.86
apartment,Guerrero,24.263408,-86.167513,61.4,2030008.14
house,Morelos,21.880005,-102.727676,258.3,5641402.98
house,Estado de México,19.531029,-92.164447,238.7,4487781.51
house,Estado de México,23.997834,-92.514129,389.1,4670594.05
house,Chiapas,21.54687,-86.400891,219.5,1782919.53
house,Querétaro,24.259323,-86.287985,72.3,2992415.87
house,Chiapas,,-92.266428,243.1,3936191.25
apartment,Chiapas,23.844055,-101.127704,344.4,4757857.54
apartment,Veracruz de Ignacio de la Llave,21.98563,-90.028883,398.9,1161380.63
house,Estado de México,20.141411,-103.859417,200.6,5796772.71
apartment,Morelos,25.579459,-90.386014,162.1,5407191.62
apartment,Nuevo León,21.411138,-87.796078,367.3,2059882.39
house,Morelos,22.050895,-98.343332,116.9,5042905.31
house,Guerrero,18.204876,-93.387294,265.4,3398949.18
apartment,Distrito Federal,22.256508,-97.397145,192.0,3093755.0
house,Nuevo León,21.716076,-97.244699,64.4,2297944.17
house,Guerrero,,-99.792582,171.6,3737230.37
apartment,Nuevo León,16.595871,,142.8,4541401.24
apartment,Guerrero,22.043593,,290.1,2819037.69
house,Veracruz de Ignacio de la Llave,23.636923,-87.184983,382.1,3997783.64
apartment,Veracruz de Ignacio de la Llave,21.234014,-102.504374,143.8,4376289.77
house,Chiapas,18.267726,-88.505127,334.0,4440057.81
house,Querétaro,22.66522,-91.251371,69.4,880616.93
house,Nuevo León,,-100.943252,238.3,5242638.15
house,Tabasco,20.418337,-104.654308,74.7,3074567.9
house,Chiapas,17.633668,,376.9,2017046.84
house,Morelos,17.844591,-87.755835,318.2,1905528.34
apartment,Veracruz de Ignacio de la Llave,18.022939,-93.336427,280.3,3208276.21
apartment,Estado de México,19.867071,-91.578907,338.4,5388890.31
apartment,Veracruz de Ignacio de la Llave,16.511502,-100.856953,276.6,2643076.94
apartment,Estado de México,19.977934,-91.612237,389.1,4648519.03
house,Nuevo León,21.117074,,299.9,1122821.15
apartment,Nuevo León,20.832943,-98.493573,373.6,3170706.19
apartment,Guerrero,19.827841,-93.464933,231.0,5955105.16
apartment,Estado de México,24.391466,-103.078069,91.0,4760364.14
house,Distrito Federal,17.453267,-89.539929,234.9,1736853.84
house,Yucatán,21.056967,-101.299374,94.4,3307783.96
apartment,Morelos,16.620414,-92.954378,257.4,1861573.72
house,Chiapas,16.711557,-97.896057,218.9,2811629.01
house,Guerrero,21.738658,,267.9,4812453.73
house,Nuevo León,21.660184,-103.850989,53.5,4764614.0
apartment,Morelos,24.780335,-105.661744,118.2,1831742.04
apartment,Chiapas,21.578737,-87.808711,222.0,5580005.92
apartment,Querétaro,,-100.6074,382.7,3799868.19
apartment,Tabasco,16.486948,-89.60646,184.3,2651591.17
house,Yucatán,16.980077,-86.012994,198.5,3310452.14
house,Estado de México,16.440659,-101.771375,300.1,3867384.77
house,Estado de México,17.852769,-100.696585,261.3,3623408.87
house,Guerrero,21.412701,-92.742804,154.6,3226587.19
apartment,Yucatán,22.455722,,193.8,3326637.14
apartment,Querétaro,16.455852,-87.683713,126.2,1552624.32
apartment,Veracruz de Ignacio de la Llave,25.459709,-95.94249,388.1,4988757.68
house,Tabasco,24.421654,-90.097794,95.7,3525505.73
house,Tabasco,,,180.1,1307831.25
house,Morelos,16.771875,-86.451236,59.0,4737248.35
house,Nuevo León,,-86.712935,127.6,5635197.48
apartment,Veracruz de Ignacio de la Llave,17.269444,-102.725421,323.2,5715457.26
apartment,Nuevo León,17.232838,-100.011538,120.4,2592695.76
house,Guerrero,21.185617,-103.9969,78.0,1331791.12
house,Nuevo León,18.458474,-100.565648,216.1,3399357.98
apartment,Yucatán,,-89.680884,53.5,1208089.84
house,Yucatán,,-98.433688,79.7,5643532.06
house,Morelos,,-104.232061,332.7,1591329.99
apartment,Guerrero,25.489807,-99.15549,320.0,1964935.64
house,Morelos,17.425566,-86.372333,370.3,2795837.25
house,Querétaro,19.821395,-93.406328,349.1,2669088.13
house,Chiapas,,,289.1,4891179.62
apartment,Nuevo León,16.767581,,68.3,3064110.83
house,Distrito Federal,16.041874,,324.0,1522148.6
apartment,Distrito Federal,22.704343,-89.58302,345.9,2042933.44
house,Estado de México,22.418195,-100.370454,329.7,3349212.28
house,Nuevo León,,-104.598626,228.0,1396251.15
apartment,Yucatán,20.896441,-104.867489,131.5,3902940.65
apartment,Nuevo León,20.15443,-103.592437,345.9,3655035.46
apartment,Morelos,16.24005,-94.384628,304.5,4459392.51
house,Veracruz de Ignacio de la Llave,19.353716,-87.424732,393.3,5663604.92
house,Guerrero,17.770823,-96.065131,104.5,5526174.63
apartment,Nuevo León,16.984242,-89.14109,129.0,5708808.34
house,Chiapas,,,124.1,1921464.22
house,Nuevo León,,-91.828329,327.4,1310452.66
apartment,Yucatán,23.286563,-91.362545,115.4,2232294.18
house,Veracruz de Ignacio de la Llave,19.153637,,73.3,5433459.93
house,Yucatán,,-98.775679,399.5,5849088.76
apartment,Guerrero,18.36924,-93.253957,58.7,5240354.74
apartment,Distrito Federal,16.969657,-104.586068,342.3,1194095.69
apartment,Querétaro,17.790316,-98.769196,177.9,5716111.19
house,Querétaro,23.97514,,344.6,2886133.35
apartment,Veracruz de Ignacio de la Llave,22.775458,-86.07551,244.1,650275.57
apartment,Yucatán,,-96.509329,365.6,2988926.2
apartment,Querétaro,20.750899,-89.678865,374.2,848773.52
house,Querétaro,25.224343,-97.358654,53.2,3536940.77
apartment,Guerrero,16.727349,,76.4,2428191.75
apartment,Chiapas,18.806008,-94.091704,137.6,3156548.64
apartment,Morelos,19.499379,-88.268091,284.3,3911119.95
house,Guerrero,23.824258,-97.781149,360.9,5291525.92
apartment,Estado de México,25.925146,-93.913912,211.0,4174268.51
house,Estado de México,18.406705,,262.4,2943863.89
apartment,Veracruz de Ignacio de la Llave,,-97.652341,116.0,5024910.41
house,Guerrero,24.306228,-103.113759,331.7,5490143.54
house,Yucatán,18.246574,-104.128812,388.6,1246703.82
house,Distrito Federal,19.993326,-105.666569,144.0,3472438.08
apartment,Distrito Federal,20.096729,-88.529315,223.2,2136364.58
house,Distrito Federal,25.782207,,80.1,854130.47
apartment,Morelos,17.808919,-101.769865,245.7,4210152.15
house,Estado de México,23.99158,,226.0,5258962.2
apartment,Veracruz de Ignacio de la Llave,19.341927,-99.599678,100.6,1479674.33
apartment,Querétaro,,-95.879106,204.7,4987033.75
apartment,Tabasco,,-102.749779,166.9,5208336.96
house,Veracruz de Ignacio de la Llave,,-86.805086,232.6,5537438.39
house,Yucatán,24.326118,,255.0,2032539.48
house,Nuevo León,24.041656,-88.724208,53.0,5481346.55
apartment,Estado de México,24.664232,-97.864525,316.4,2331578.88
apartment,Querétaro,16.596173,-90.752776,299.6,3582625.27
apartment,Guerrero,22.920506,-103.122477,178.2,872740.34
apartment,Querétaro,17.399874,-105.82762,68.5,836957.88
house,Morelos,20.158186,-105.600541,314.2,4490015.35
house,Tabasco,,-94.267965,384.3,3000191.88
house,Morelos,20.027395,-96.892102,134.1,1983978.83
house,Tabasco,21.196117,-95.639693,163.2,1628232.88
apartment,Yucatán,25.965263,-105.850737,114.3,4217748.85
apartment,Querétaro,17.352173,-97.546268,251.9,602168.34
apartment,Chiapas,22.75456,-91.638637,104.2,4951812.31
house,Veracruz de Ignacio de la Llave,19.96001,,174.7,1027947.87
house,Tabasco,17.330098,-91.355616,294.0,1634043.92
house,Veracruz de Ignacio de la Llave,17.587368,-101.339621,246.0,2685676.53
apartment,Chiapas,25.492731,-89.73716,185.3,3218237.19
house,Distrito Federal,24.796015,-94.231375,197.1,2516973.63
apartment,Tabasco,25.07042,-101.784738,246.7,2331845.69
apartment,Chiapas,,-101.26559,52.1,5805146.47
house,Querétaro,18.083154,-93.439391,77.5,4064530.28
apartment,Estado de México,19.554393,-89.401208,358.4,726537.96
apartment,Guerrero,22.69219,-97.687444,77.3,2922949.91
apartment,Yucatán,,-100.833991,297.4,5325046.98
house,Chiapas,20.183895,,372.0,2227863.41
house,Distrito Federal,19.578112,-92.614634,144.7,1110604.26
house,Morelos,21.937806,-97.03829,179.7,4695277.77
apartment,Yucatán,,,249.1,3872474.69
house,Estado de México,17.614578,-101.914871,358.6,3679687.54
house,Yucatán,20.717398,-93.463947,379.7,889313.42
apartment,Veracruz de Ignacio de la Llave,21.534718,-98.82515,308.8,1358694.65
apartment,Tabasco,21.702869,,80.3,3961766.74
apartment,Chiapas,18.101072,-96.39633,284.2,1722248.74
apartment,Distrito Federal,23.422714,,193.6,3321978.43
house,Morelos,16.251991,-94.682964,214.7,3542361.1
house,Guerrero,19.548319,-87.66488,67.2,2130938.83
house,Nuevo León,23.802126,,116.9,5721495.84
apartment,Morelos,,-96.977399,326.7,5149306.18
apartment,Morelos,18.611624,-91.626015,208.9,4500816.94
apartment,Estado de México,22.949531,-94.27529,155.6,1021166.88
apartment,Tabasco,21.673909,-96.152659,184.4,1173102.1
apartment,Yucatán,23.962436,,349.0,3261019.27
house,Morelos,23.350252,-96.721275,312.1,1467852.09
apartment,Distrito Federal,22.101079,-101.083628,145.3,5882633.5
apartment,Querétaro,20.881777,-87.703157,91.1,1456009.26
house,Chiapas,17.331821,-99.291864,138.2,3232326.31
apartment,Guerrero,18.61333,-86.95472,372.3,2566253.71
house,Guerrero,20.190995,-95.338894,253.6,4052686.68
apartment,Morelos,21.992993,-93.369112,236.7,1296796.61
house,Distrito Federal,,,258.7,2923708.71
house,Chiapas,18.881845,-103.412388,178.1,2083407.18
apartment,Chiapas,,-98.483576,332.5,5393858.23
house,Distrito Federal,20.962392,,233.2,819162.85
apartment,Yucatán,,-93.540919,90.9,5534128.47
apartment,Chiapas,23.346083,-97.062516,95.2,5098168.35
apartment,Distrito Federal,16.239463,-90.440301,237.9,2206881.87
apartment,Distrito Federal,21.848278,,377.8,4862169.54
apartment,Guerrero,25.414742,-102.708679,157.9,768553.23
apartment,Distrito Federal,17.744093,,354.3,5821073.97
apartment,Morelos,20.716495,-87.468292,317.4,3443612.69
house,Veracruz de Ignacio de la Llave,16.91422,-91.791564,136.7,2237717.54
apartment,Tabasco,22.256819,-97.621528,62.7,2557949.35
apartment,Estado de México,21.505317,-95.654557,85.6,958588.91
house,Guerrero,20.073655,-104.31574,305.0,5942487.38
apartment,Veracruz de Ignacio de la Llave,21.21377,-86.308482,119.9,812176.5
apartment,Yucatán,24.965747,-92.671854,179.9,4136498.46
house,Nuevo León,17.962943,-100.291919,225.6,2990774.01
apartment,Yucatán,16.225645,-94.283832,303.9,5724147.58
apartment,Morelos,24.616649,-103.810353,89.6,1928398.6
apartment,Distrito Federal,21.771171,-86.683267,192.2,3473268.85
apartment,Morelos,24.906585,-102.5043,219.8,3204723.53
house,Yucatán,21.969452,-93.039394,239.3,4395478.8
apartment,Tabasco,24.101611,-101.090911,336.4,967255.25
apartment,Veracruz de Ignacio de la Llave,20.296734,-91.648772,110.1,1646461.3
apartment,Yucatán,23.498599,-90.463573,332.7,1758650.03
apartment,Chiapas,25.130415,,292.5,4586014.08
apartment,Distrito Federal,,-93.710011,244.6,1621348.96
house,Morelos,17.807852,-88.150618,294.8,3696855.53
house,Guerrero,18.687976,-104.427466,194.2,1762316.63
house,Chiapas,17.986446,-99.381705,98.4,5252774.73
house,Guerrero,18.46857,-101.03425,283.0,5687801.45
apartment,Chiapas,19.064154,-86.239721,233.6,3399862.06
house,Yucatán,21.551338,-98.212204,273.8,2502467.97
apartment,Yucatán,21.879916,-91.347746,168.3,1863911.99
apartment,Guerrero,,-92.305497,367.4,868817.41
house,Distrito Federal,22.154208,-101.758375,255.6,2049900.41
apartment,Guerrero,,-101.220046,79.9,4132873.21
apartment,Nuevo León,16.877882,-100.374309,207.4,3481531.43
house,Tabasco,17.718295,,314.7,5697822.9
apartment,Chiapas,21.180775,-101.313499,327.9,2739897.22
house,Nuevo León,18.139947,-105.60697,223.1,4346862.05
apartment,Chiapas,18.832844,,363.2,3242342.84
house,Querétaro,20.003128,-86.687803,143.7,3367911.57
apartment,Distrito Federal,24.118661,-99.168592,193.7,2045981.3
apartment,Nuevo León,,-99.229862,364.5,3056734.19
house,Chiapas,22.493788,,363.7,3142238.98
apartment,Estado de México,22.688765,-92.394986,290.0,4415869.62
apartment,Chiapas,23.986558,-89.491202,350.6,5679456.0
apartment,Guerrero,25.327529,-103.067834,81.1,2378334.9
apartment,Guerrero,16.201378,,352.7,827882.53
house,Querétaro,17.537837,-90.198335,162.2,3279993.68
apartment,Veracruz de Ignacio de la Llave,,-93.674185,112.4,3540091.19
house,Chiapas,20.585186,,133.8,1509578.98
house,Guerrero,21.645906,-93.54906,196.3,4706508.87
house,Tabasco,22.630272,-99.821646,137.9,5918617.19
apartment,Distrito Federal,22.790666,-98.625497,162.2,5707183.47
house,Chiapas,25.317404,-90.605372,97.2,1664372.61
house,Morelos,,,153.7,5326961.5
apartment,Distrito Federal,23.201575,-97.992867,250.3,4404265.64
apartment,Guerrero,18.872212,-87.056941,204.6,3050771.44
apartment,Querétaro,24.797524,-97.870746,171.4,3519299.37
house,Estado de México,16.492209,-90.563279,311.3,5187840.94
house,Estado de México,18.310809,,362.7,3192728.67
house,Guerrero,24.973857,-88.049353,314.9,2615319.79
apartment,Guerrero,18.561915,-87.844775,166.2,3263536.46
house,Yucatán,18.206511,-104.251664,310.6,3727300.94
house,Distrito Federal,17.381253,,103.2,1621019.33
apartment,Querétaro,24.591118,-89.489303,95.6,5464901.74
apartment,Distrito Federal,21.000583,-90.173786,171.0,4240609.52
apartment,Yucatán,22.748932,-101.981773,332.7,4019652.15
apartment,Guerrero,18.390664,-89.897616,136.2,1137279.62
house,Distrito Federal,23.580404,-88.997345,72.1,3862539.27
apartment,Chiapas,23.600055,-100.216993,96.1,1253187.58
house,Distrito Federal,19.12598,-86.954798,350.6,1024967.45
apartment,Morelos,20.106826,-105.002797,271.8,3447478.84
house,Distrito Federal,,-103.001815,138.6,2775041.88
apartment,Nuevo León,25.76561,,244.4,3779575.46
apartment,Veracruz de Ignacio de la Llave,22.456026,-94.484151,234.7,1081799.71
house,Guerrero,25.345439,,279.4,2927308.54
house,Chiapas,19.033855,-105.660617,131.6,1543848.26
house,Nuevo León,,-86.792665,352.5,5930340.46
apartment,Morelos,23.658586,,158.3,3630211.15
apartment,Chiapas,,-103.138761,292.9,4312159.05
apartment,Chiapas,,-105.71971,55.6,2357258.72
apartment,Guerrero,,,180.4,1111590.14
house,Nuevo León,17.307173,-87.354662,173.1,5869702.66
apartment,Chiapas,22.717089,-92.681057,240.2,2145798.79
apartment,Veracruz de Ignacio de la Llave,23.293098,-89.546851,75.5,2888564.2
apartment,Yucatán,21.750606,-105.734376,326.5,4109265.18
house,Estado de México,18.068179,-95.159694,126.2,733365.41
apartment,Morelos,21.044559,-96.80874,287.0,4975399.3
apartment,Morelos,19.121897,-96.020641,331.1,3497522.23
apartment,Nuevo León,20.274665,-104.555736,246.7,2102372.81
house,Chiapas,22.452186,-92.311293,309.3,932683.12
apartment,Estado de México,23.452147,-95.935592,281.7,1477491.44
house,Nuevo León,,-90.697023,174.4,5433182.84
house,Yucatán,20.053254,-96.294187,333.1,4304530.81
house,Yucatán,,-103.012367,153.1,1949469.3
apartment,Querétaro,17.986316,-93.034861,249.9,954244.13
house,Veracruz de Ignacio de la Llave,23.833872,-102.552273,310.9,4329322.69
house,Querétaro,,-88.552109,182.6,3691001.72
house,Guerrero,19.702322,,156.0,2784405.43
house,Querétaro,,-102.855922,210.8,2563501.83
house,Veracruz de Ignacio de la Llave,24.969953,-86.753239,336.3,1770797.09
apartment,Querétaro,24.461242,-95.632691,375.5,4215900.79
apartment,Chiapas,17.828134,-104.542031,240.8,5841607.35
apartment,Tabasco,25.562919,,281.5,1548862.33
house,Querétaro,19.766764,,366.1,3824429.75
apartment,Nuevo León,19.392407,-89.926131,84.5,2890599.3
house,Veracruz de Ignacio de la Llave,16.624313,-89.643559,131.2,3012119.1
house,Distrito Federal,20.861737,,298.1,1972395.31
apartment,Morelos,,,338.3,5055728.33
apartment,Guerrero,,-96.900862,350.0,3220380.26
house,Veracruz de Ignacio de la Llave,19.169426,-90.930488,195.3,3534391.6
house,Nuevo León,24.088263,-103.350587,81.3,2245708.93
apartment,Yucatán,24.754887,,203.2,1581765.71
apartment,Estado de México,19.024663,-95.075048,130.8,1063916.1
apartment,Yucatán,24.586981,-104.210538,151.9,4456243.36
house,Chiapas,,-97.640318,320.3,1659665.12
house,Estado de México,23.64651,-88.934304,76.4,4326406.91
house,Nuevo León,17.466951,-88.876928,339.7,2708032.81
apartment,Nuevo León,22.903228,,199.7,2845183.93
house,Chiapas,,-104.185582,258.6,3133558.48
house,Guerrero,22.825405,-100.74609,81.4,2585625.94
house,Querétaro,19.316168,-88.504679,168.1,1143347.88
apartment,Guerrero,21.005793,-103.421948,81.4,2272011.77
apartment,Nuevo León,22.45725,-91.600064,386.5,4184165.55
house,Tabasco,21.105704,-103.976688,332.5,4195235.77
apartment,Nuevo León,,-93.537243,210.9,2145611.26
house,Chiapas,19.12064,-98.878654,128.3,3084554.18
apartment,Distrito Federal,24.02396,-90.221721,376.7,1644615.03
apartment,Distrito Federal,24.61418,-101.326191,170.6,1736009.24
apartment,Veracruz de Ignacio de la Llave,17.373,,106.3,724454.28
apartment,Yucatán,25.523868,,247.1,5442431.37
apartment,Querétaro,19.288226,-91.726794,380.3,1737815.99
house,Guerrero,22.623137,-88.526439,51.3,1828682.94
apartment,Distrito Federal,23.518251,,133.3,2109847.74
apartment,Querétaro,24.119462,-88.668086,378.5,1288003.59
apartment,Guerrero,25.457497,-94.128495,109.9,4052019.57
house,Yucatán,,,89.6,1005771.95
apartment,Nuevo León,24.585065,-97.449163,249.6,1324693.1
house,Chiapas,17.316869,-102.782794,351.6,4081686.32
house,Morelos,23.050409,,217.0,2434167.35
apartment,Morelos,23.419777,-90.822637,398.1,4422918.26
house,Querétaro,22.777232,-103.88407,287.7,3610093.62
house,Tabasco,18.523147,-95.877203,75.9,1982514.33
apartment,Tabasco,24.730431,-89.707499,397.5,4114470.93
house,Estado de México,17.688585,-87.276739,192.8,1227877.87
house,Estado de México,16.536348,-95.729643,150.6,3496616.07
apartment,Estado de México,,,245.3,2960599.77
house,Morelos,,-95.286221,156.5,2046517.35
apartment,Nuevo León,24.49098,-98.11619,80.3,3861626.99
apartment,Yucatán,19.833971,-89.035937,50.5,5305201.4
house,Querétaro,,-96.140346,207.4,5994085.38
apartment,Distrito Federal,,-96.56195,342.9,3881918.95
apartment,Tabasco,21.489096,,250.3,2785411.72
house,Veracruz de Ignacio de la Llave,17.891958,,399.7,1816118.34
apartment,Guerrero,23.20384,-89.361169,150.4,1988318.88
house,Yucatán,21.111136,-97.9296,148.2,3189056.88
house,Chiapas,22.04313,-99.334003,105.9,2583299.59
apartment,Yucatán,20.608983,-96.16144,107.4,5534598.42
apartment,Querétaro,24.28709,-94.54455,149.8,2588795.53
house,Nuevo León,24.295627,-101.233256,327.5,2616600.79
house,Estado de México,23.093888,,367.0,2671086.37
apartment,Distrito Federal,17.054014,-96.270345,391.3,5117749.14
apartment,Veracruz de Ignacio de la Llave,24.388539,-99.319089,131.3,4114256.93
house,Morelos,22.71013,-103.86358,358.5,3916511.79
apartment,Nuevo León,22.970242,-101.223097,164.9,2404372.32
house,Yucatán,,-87.014377,89.5,5016682.55
apartment,Morelos,24.792796,-99.898006,354.5,807164.85
house,Guerrero,23.253716,-102.622814,272.6,5302304.73
house,Estado de México,17.125905,-96.786544,107.7,3368849.46
apartment,Nuevo León,20.07778,-99.858245,200.4,2750551.27
apartment,Veracruz de Ignacio de la Llave,,-105.296815,150.5,3284703.32
apartment,Nuevo León,16.471967,-99.537096,307.9,4204043.86
apartment,Estado de México,25.614166,-95.117828,208.7,668933.3
apartment,Querétaro,22.791626,-94.965753,396.2,5306380.02
apartment,Veracruz de Ignacio de la Llave,22.31376,-98.868822,69.2,3012393.44
apartment,Veracruz de Ignacio de la Llave,,-97.053945,174.3,2452019.21
house,Estado de México,18.487918,-86.689642,218.7,1346526.05
house,Nuevo León,25.420582,-98.45303,226.1,2973113.02
house,Tabasco,18.982725,-100.835464,160.6,3280142.96
house,Querétaro,23.755053,-101.130659,305.2,2779692.15
apartment,Guerrero,,-96.844708,356.2,4264764.51
house,Chiapas,17.392541,-90.809597,378.6,2872841.26
apartment,Querétaro,16.107153,,331.8,5791654.92
house,Chiapas,21.442573,-91.814077,347.7,3836098.6
apartment,Guerrero,,,242.7,4960380.85
house,Veracruz de Ignacio de la Llave,19.691362,-97.62134,339.1,1190521.88
apartment,Yucatán,19.571923,-90.482699,156.2,2745372.98
apartment,Estado de México,19.440916,,189.5,2418977.59
house,Veracruz de Ignacio de la Llave,21.205438,-94.725258,160.9,3675204.9
house,Veracruz de Ignacio de la Llave,20.406649,-101.900415,213.6,5250013.01
apartment,Estado de México,24.799146,-91.160092,150.0,1023026.38
apartment,Morelos,21.055208,-104.954418,386.6,991903.91
house,Estado de México,21.077578,-88.949147,159.5,5191715.62
apartment,Distrito Federal,17.383716,-102.036072,84.3,1749390.46
house,Yucatán,25.827395,,234.4,4211267.57
apartment,Guerrero,18.499729,-98.949415,70.0,3531541.91
house,Nuevo León,16.733641,,88.7,5097625.41
house,Nuevo León,22.631462,,126.8,1275480.11
apartment,Chiapas,21.953664,-87.881767,212.5,1300828.01
house,Tabasco,20.151457,-103.467257,201.6,3606819.15
apartment,Querétaro,20.221922,,329.9,5710444.73
apartment,Distrito Federal,23.850639,,308.8,2840987.9
apartment,Morelos,17.957126,-104.361231,199.2,2365487.34
house,Tabasco,24.202533,-102.080396,166.8,3876122.35
apartment,Yucatán,22.487471,-87.124672,160.8,5624422.44
house,Querétaro,20.189698,-86.470207,320.9,5119410.3
house,Tabasco,20.580286,-98.474813,68.2,5975611.5
house,Querétaro,18.566472,-87.53428,54.5,721870.35
apartment,Tabasco,23.521143,-95.103506,328.4,1209433.98
apartment,Veracruz de Ignacio de la Llave,21.128747,-100.605151,217.0,3891125.92
house,Distrito Federal,19.208545,-91.952026,95.8,5031112.77
house,Morelos,,-92.821964,132.4,2140319.45
house,Veracruz de Ignacio de la Llave,,-86.217494,376.4,1891739.88
house,Estado de México,20.352623,-100.699054,350.8,4849669.32
house,Nuevo León,25.206914,-92.55881,298.4,904462.01
apartment,Querétaro,19.450168,-104.959525,218.8,2594666.3
apartment,Yucatán,16.547327,-103.727079,232.1,3331369.8
house,Tabasco,18.042421,,391.3,3625882.84
apartment,Distrito Federal,20.186951,-86.010786,388.0,4534521.85
apartment,Tabasco,18.196349,-89.954526,125.3,2516166.91
apartment,Distrito Federal,16.00227,-90.26554,333.9,3908495.46
apartment,Distrito Federal,25.150015,,119.0,3761027.28
house,Guerrero,24.438794,-99.998658,124.7,3557126.94
house,Nuevo León,23.422922,-102.974714,286.6,4058609.78
apartment,Veracruz de Ignacio de la Llave,17.678146,-100.306505,191.8,2001025.52
house,Guerrero,17.203636,-98.480576,376.0,1057103.27
apartment,Guerrero,16.676047,-90.873798,81.2,1244067.03
house,Morelos,23.240292,-95.206764,229.0,1812744.87
house,Morelos,,-104.450327,371.5,3301068.85
house,Guerrero,20.305358,-105.63942,366.4,5138390.85
house,Yucatán,,-103.953356,104.8,4386984.05
apartment,Querétaro,,-97.790026,178.3,4860819.26
house,Nuevo León,19.488319,,266.7,2495268.37
apartment,Querétaro,19.748249,-93.25195,105.8,2785130.2
apartment,Morelos,22.213306,,388.8,2725882.18
house,Guerrero,,-96.672508,370.2,1636115.2
apartment,Distrito Federal,17.106036,-98.766678,108.4,930569.95
apartment,Estado de México,16.355902,-103.831993,92.4,3790946.9
apartment,Chiapas,25.943303,,79.9,5941770.09
apartment,Nuevo León,18.327283,-90.336799,368.3,1500880.41
house,Nuevo León,16.538305,-102.637638,117.8,852098.03
house,Querétaro,17.898753,-95.754789,195.7,4809471.08
apartment,Tabasco,16.389578,-96.252504,207.1,1963964.44
apartment,Querétaro,,-93.498169,259.7,5080076.55
apartment,Tabasco,24.024018,-87.076262,75.1,4401258.0
apartment,Chiapas,,-94.404571,129.4,5706637.1
apartment,Estado de México,20.441834,-95.195655,376.0,2808207.07
apartment,Tabasco,22.755868,-104.993541,367.9,4174637.13
house,Veracruz de Ignacio de la Llave,21.088941,-104.74185,323.5,3110215.82
house,Yucatán,24.614457,-102.253064,56.8,4005178.97
apartment,Distrito Federal,24.660357,-105.350585,164.5,3027834.09
apartment,Distrito Federal,16.099107,-91.132942,269.8,1618614.13
house,Tabasco,23.780463,-91.533394,146.3,3342646.05
apartment,Querétaro,,,368.4,3454354.69
house,Nuevo León,,,271.9,4977260.78
apartment,Querétaro,20.832321,-102.904279,75.2,4571811.81
house,Guerrero,25.868959,-99.976488,368.2,4184474.77
apartment,Guerrero,23.545694,-101.020462,385.2,1212290.32
apartment,Distrito Federal,18.486049,-98.553858,77.2,4491327.97
apartment,Distrito Federal,,-100.906725,236.3,3301647.84
apartment,Distrito Federal,25.921356,-96.220981,156.2,5428137.49
apartment,Nuevo León,24.575306,-97.851842,187.5,5567303.04
house,Nuevo León,,,112.9,897845.59
apartment,Distrito Federal,23.06372,,252.3,5031464.43
apartment,Nuevo León,,-103.156372,385.3,803565.91
house,Estado de México,16.069823,-104.943482,226.1,2582715.98
house,Tabasco,20.03481,-93.483176,79.0,3528419.87
house,Chiapas,18.347544,-104.909814,267.0,1399744.31
apartment,Querétaro,24.188693,-89.271205,169.1,4630094.59
house,Estado de México,19.373306,-95.761227,349.6,645115.4
house,Querétaro,24.275237,-95.459848,202.1,1510434.86
house,Veracruz de Ignacio de la Llave,16.005979,-94.76811,117.5,3736302.88
apartment,Distrito Federal,19.078192,-102.583726,116.9,4457692.84
apartment,Distrito Federal,18.411652,-102.046194,319.1,5549872.75
house,Veracruz de Ignacio de la Llave,18.335674,-99.623654,143.0,4409681.92
apartment,Yucatán,16.681866,-94.130072,318.5,4227608.06
house,Guerrero,17.871243,-101.797644,122.1,2729442.19
house,Estado de México,21.555496,-103.673365,162.6,606935.9
apartment,Querétaro,18.913611,-86.597662,212.9,1248860.0
house,Guerrero,20.173948,-105.560364,380.1,3486594.54
apartment,Distrito Federal,19.768669,,376.1,4245701.38
house,Distrito Federal,24.759049,-90.239297,122.4,2854220.73
apartment,Querétaro,25.05299,-100.055718,175.4,4545666.66
apartment,Yucatán,,-103.287468,102.3,3418056.39
house,Querétaro,19.30156,,228.5,1000551.46
apartment,Chiapas,17.068007,-92.051368,211.2,1636887.76
house,Morelos,25.534029,-93.143868,365.3,5135990.41
house,Yucatán,16.602269,-90.345087,375.5,4514528.83
apartment,Veracruz de Ignacio de la Llave,,-87.250377,184.2,5431714.73
apartment,Estado de México,18.980662,-92.161453,222.1,1234809.15
house,Chiapas,19.204013,-102.882969,363.7,5947201.69
apartment,Yucatán,17.642868,-101.131148,332.3,1730796.26
house,Chiapas,23.831614,,51.3,663611.33
house,Estado de México,17.224979,-101.813878,162.0,5986083.87
house,Estado de México,22.349067,-104.549554,197.6,2117798.98
house,Estado de México,17.23846,-91.934399,130.4,4207305.04
apartment,Veracruz de Ignacio de la Llave,16.705356,-97.949473,119.9,1554084.5
house,Nuevo León,25.094295,-87.599199,63.2,3733234.07
house,Morelos,17.901288,-92.994899,275.2,5481788.93
house,Guerrero,24.212502,-104.19162,141.9,2328978.3
apartment,Estado de México,21.446309,-87.042869,68.3,4219371.47
house,Veracruz de Ignacio de la Llave,,-100.828855,130.8,1614679.38
house,Chiapas,25.554482,-99.25575,330.7,3973895.15
apartment,Estado de México,,-97.954792,348.0,2416831.9
house,Querétaro,24.596453,-104.975514,219.1,1740524.6
apartment,Distrito Federal,17.6881,-96.069692,195.6,2291183.07
house,Nuevo León,24.539429,,392.2,1565741.77
apartment,Morelos,16.132288,,120.2,5470346.98
house,Veracruz de Ignacio de la Llave,21.117805,-98.985804,125.4,2744809.19
house,Morelos,23.694426,-90.543198,152.2,1924508.25
apartment,Querétaro,25.347955,-89.93659,110.5,3021402.34
house,Veracruz de Ignacio de la Llave,,-102.931742,182.8,2330895.3
house,Tabasco,24.196249,-98.668976,368.8,4619863.97
house,Chiapas,24.881913,-98.532937,265.4,5844587.52
apartment,Yucatán,17.992197,-102.971791,194.2,2965381.75
apartment,Tabasco,18.841843,,377.0,5249580.36
apartment,Guerrero,18.889685,-91.855433,67.0,3655660.6
house,Nuevo León,19.770539,-102.192364,123.6,1449072.59
apartment,Estado de México,,-98.665562,248.1,4329362.81
house,Tabasco,21.445553,-103.8839,265.4,3372546.28
house,Querétaro,17.598798,-93.435868,63.8,4113275.23
house,Guerrero,22.912467,-103.572562,191.1,5404312.03
house,Tabasco,,-86.281317,277.2,2978346.68
house,Distrito Federal,19.103085,-90.386359,294.3,5466359.17
apartment,Yucatán,21.033451,-98.195229,273.3,4653612.68
apartment,Guerrero,23.964406,-94.428721,162.2,3238466.6
house,Morelos,23.394692,-87.773164,82.7,3857399.53
house,Morelos,22.455344,-94.918014,199.5,2358138.12
apartment,Yucatán,17.557733,-102.51003,95.1,5911425.42
apartment,Morelos,21.470453,-98.425933,381.7,4203696.28
house,Yucatán,16.874465,-89.137103,216.3,836773.0
house,Veracruz de Ignacio de la Llave,19.773632,-93.11574,161.0,2363758.29
house,Yucatán,20.135165,,318.2,3965897.94
house,Chiapas,16.398114,-88.66357,224.3,904199.7
house,Morelos,18.739881,-88.120539,158.5,728974.63
apartment,Estado de México,25.556495,-87.604149,334.2,3030130.89
apartment,Chiapas,25.536326,-104.103016,353.5,2396526.97
apartment,Veracruz de Ignacio de la Llave,19.523271,,285.6,2966812.48
apartment,Tabasco,,-91.18981,66.4,2018543.87
house,Querétaro,,-90.861463,248.2,1489475.83
house,Nuevo León,19.922178,-93.865676,317.2,4321374.13
apartment,Yucatán,25.477797,-102.664253,97.8,3378684.03
house,Morelos,17.411991,-90.051589,130.0,1680832.74
house,Chiapas,23.635158,-91.597773,358.9,2325782.9
apartment,Veracruz de Ignacio de la Llave,17.086825,-104.277285,57.0,3795762.7
house,Distrito Federal,25.812576,-96.723804,313.5,990038.48
apartment,Veracruz de Ignacio de la Llave,19.816165,-102.520452,215.8,1396246.25
house,Guerrero,23.752345,,206.4,995526.26
house,Veracruz de Ignacio de la Llave,19.425911,-105.638378,52.5,4986513.6
apartment,Distrito Federal,22.276689,,336.8,4663009.86
apartment,Tabasco,17.920161,-95.002462,175.9,4667889.83
house,Chiapas,17.46021,-93.608348,239.3,4468156.85
house,Chiapas,,-92.730193,287.1,4214681.29
apartment,Guerrero,,-89.274174,295.9,3175756.34
apartment,Estado de México,24.874689,-101.690742,384.6,4068302.08
house,Nuevo León,22.254335,-103.590364,236.0,807152.4
house,Estado de México,24.082682,,189.9,3955907.88
apartment,Yucatán,16.690369,-102.867744,383.8,4800539.61
house,Querétaro,19.34789,-86.504798,274.7,3301935.15
house,Yucatán,19.137031,,154.4,2530571.97
apartment,Guerrero,22.356453,-95.982468,94.3,2098104.37
apartment,Distrito Federal,19.559578,-86.371572,344.9,4071131.07
house,Morelos,17.485068,-104.052465,176.8,4341126.47
apartment,Morelos,21.964671,,281.2,5303225.04
apartment,Morelos,24.143839,,214.8,2448604.05
apartment,Morelos,19.821235,,119.6,4756770.46
house,Estado de México,,-87.432549,260.6,3631321.45
apartment,Querétaro,17.966882,-104.687478,71.2,5367317.05
house,Tabasco,18.374833,-95.011763,194.7,3450185.38
house,Yucatán,,-94.182675,241.3,3395201.07
house,Yucatán,,-92.945438,202.6,3720536.24
house,Veracruz de Ignacio de la Llave,22.009455,-100.886676,312.0,4646302.92
apartment,Guerrero,22.960799,,339.8,5809328.59
house,Guerrero,19.62502,,319.9,997242.11
house,Distrito Federal,24.239977,-102.101145,63.6,888546.85
house,Yucatán,18.040877,-89.462643,117.9,5662771.82
apartment,Morelos,20.690407,-94.746892,237.8,3461328.38
apartment,Estado de México,24.009387,-90.75625,377.2,3920476.28
apartment,Distrito Federal,17.801586,-91.727853,342.2,3205087.45
apartment,Estado de México,17.098631,-101.84977,344.9,1105750.24
apartment,Estado de México,24.83684,-94.623745,156.1,4747682.64
house,Querétaro,19.429297,-88.645537,200.3,4635013.08
house,Querétaro,22.838701,-97.357675,214.7,2283197.94
apartment,Chiapas,16.253486,,105.1,2253691.92
house,Veracruz de Ignacio de la Llave,22.900469,-96.955698,60.9,5124343.46
apartment,Estado de México,19.161013,-103.144287,381.4,990729.19
house,Morelos,,-98.211306,134.2,5357967.8
house,Veracruz de Ignacio de la Llave,22.098128,-86.965952,134.0,1985973.13
house,Estado de México,18.408038,,79.2,3802117.64
apartment,Tabasco,19.868072,-88.638037,375.0,5654368.57
apartment,Distrito Federal,16.805808,-88.374986,252.9,4261861.51
house,Querétaro,17.471633,-98.99627,283.5,2837920.99
apartment,Distrito Federal,18.979772,-104.334847,369.1,4323484.73
apartment,Nuevo León,16.897595,-91.508842,171.0,2457490.04
house,Yucatán,25.108263,-99.769754,267.5,2097195.45
